Nom,Score,Date,Music
Aure,1200,2024-11-13 16:59:57,funky_groove.mp3
Emma,500,2024-11-13 16:59:57,funky_groove.mp3
Tom,200,2024-11-13 16:59:57,funky_groove.mp3
Valo,1000,2024-11-13 16:59:57,funky_groove.mp3
Leo,700,2024-11-13 16:59:57,funky_groove.mp3
AURE,265,2024-11-15 11:32:13,audio (3).mp3
Aure,4954,2024-11-15 11:34:33,audio (3).mp3
Aure,1081,2024-11-15 11:44:07,funkygroove.mp3
Aure,2560,2024-11-15 11:45:29,levels_avicii.mp3
Aure,69,2024-11-15 11:45:49,unchained.mp3
Aure,1621,2024-11-15 11:47:15,unchained.mp3
test,842,2024-11-15 11:47:59,unchained.mp3
test,13,2024-11-15 11:48:32,funkygroove.mp3
test,748,2024-11-15 11:49:04,levels_avicii.mp3
test,569,2024-11-15 11:49:44,unchained.mp3
Test,1055,2024-11-15 14:58:02,audio (3).mp3
test,55,2024-11-15 14:58:15,funkygroove.mp3
test,500,2024-11-15 14:58:43,funkygroove.mp3
test,1416,2024-11-15 14:59:41,levels_avicii.mp3
test,346,2024-11-15 15:00:01,audio (3).mp3
victor,119,2024-11-15 15:01:32,unchained.mp3
victor,79,2024-11-15 15:02:06,unchained.mp3
victor,1017,2024-11-15 15:03:45,unchained.mp3
victor,86,2024-11-15 15:04:17,levels_avicii.mp3
victor,35,2024-11-15 15:04:32,levels_avicii.mp3
victor,10,2024-11-15 15:04:45,levels_avicii.mp3
victor,2423,2024-11-15 15:07:25,audio (3).mp3
test,842,2024-11-15 15:09:38,unchained.mp3
lelian,185,2024-11-15 15:11:45,unchained.mp3
lelian,19,2024-11-15 15:12:25,levels_avicii.mp3
lelian,110,2024-11-15 15:12:54,levels_avicii.mp3
lelian,84,2024-11-15 15:13:43,audio (3).mp3
lelian,0,2024-11-15 15:13:56,funkygroove.mp3
lelian,384,2024-11-15 15:14:27,audio (3).mp3
test,560,2024-11-15 15:20:56,levels_avicii.mp3
Julien,388,2024-11-15 15:22:05,unchained.mp3
Julien,75,2024-11-15 15:22:56,unchained.mp3
Julien,94,2024-11-15 15:23:46,unchained.mp3
Julien,463,2024-11-15 15:24:46,unchained.mp3
julien,64,2024-11-15 15:25:13,unchained.mp3
test,383,2024-11-15 15:39:24,unchained.mp3
test,1345,2024-11-15 15:40:27,unchained.mp3
test,920,2024-11-15 15:41:13,unchained.mp3
test,44,2024-11-15 15:41:30,unchained.mp3
test,1608,2024-11-15 15:54:04,unchained.mp3
test,3686,2024-11-15 15:56:09,unchained.mp3
testcont,0,2024-11-15 16:01:33,unchained.mp3
testcont,42,2024-11-15 16:01:56,unchained.mp3
te,189,2024-11-15 16:04:04,unchained.mp3
fab,135,2024-11-15 16:05:13,unchained.mp3
fab,26,2024-11-15 16:05:34,unchained.mp3
fab,14,2024-11-15 16:05:56,unchained.mp3
fab,562,2024-11-15 16:07:02,funkygroove.mp3
fab,1002,2024-11-15 16:08:37,funkygroove.mp3
fab,372,2024-11-15 16:09:09,audio (3).mp3
fab,137,2024-11-15 16:09:24,audio (3).mp3
test,1453,2024-11-15 16:24:09,levels_avicii.mp3
Coco,73,2024-11-15 16:25:07,unchained.mp3
Coco,195,2024-11-15 16:25:37,funkygroove.mp3
Coco,113,2024-11-15 16:26:01,funkygroove.mp3
Coco,262,2024-11-15 16:26:27,audio (3).mp3
test,987,2024-11-15 16:48:02,levels_avicii.mp3
driss,587,2024-11-15 16:49:11,unchained.mp3
driss,911,2024-11-15 16:50:07,unchained.mp3
driss,662,2024-11-15 16:51:00,unchained.mp3
driss,0,2024-11-15 16:51:17,levels_avicii.mp3
driss,216,2024-11-15 16:51:43,levels_avicii.mp3
driss,1300,2024-11-15 16:52:58,levels_avicii.mp3
driss,260,2024-11-15 16:53:29,funkygroove.mp3
driss,848,2024-11-15 16:54:27,funkygroove.mp3
driss,1053,2024-11-15 16:55:37,funkygroove.mp3
driss,346,2024-11-15 16:56:05,audio (3).mp3
driss,1453,2024-11-15 16:57:33,audio (3).mp3
driss,1132,2024-11-15 16:58:29,audio (3).mp3
test,26,2024-11-15 17:01:07,unchained.mp3
demo,16,2024-11-15 17:03:37,unchained.mp3
demo,219,2024-11-15 17:04:00,funkygroove.mp3
